source|target
aeb988a1-8112-5b02-b87c-1dba977e8aa8|Task_21
83dd1402-adc2-5705-9e4a-b439fab406ac|Task_10
0234de85-8831-52b2-a7a6-a0457e6582d0|Task_4
ce04285b-d1bf-532e-a022-67de14d24583|Task_2
c5b84731-6c84-5e05-b620-6669e49b1e87|Task_1
44bb3b40-41b4-534e-94f0-795dc6b9f01e|Task_28
7464cc70-abca-5122-bdf8-5e9e47d3bd41|Task_3
3c838db5-92ce-5198-8ed7-f2b3eb56e639|Task_5
85852c3f-c175-5812-ba30-ee301cf631cc|Task_15
674448d0-b2bb-55da-8ebc-fd57a4bedaef|Task_7
8bafb810-6b1e-5a25-b75d-d1da4d045c9e|Task_1
a498fff3-b5e7-57ba-a394-e166a062733e|Task_21
ba2a98eb-3490-5117-804e-5551604d2320|Task_0
ca439333-46fe-52c7-8973-4011b9561141|Task_1
9c4e2d87-5bce-5a63-b8b4-293f2b3ebc41|Task_2
42777dc0-4d15-5c81-ba5b-99f2bf37340b|Task_17
b7c58b35-4817-5a74-b050-6795220957d6|Task_1
177a9be5-eb78-5575-bce4-1627bac70dd3|Task_0
883cb608-df17-5a7e-b4e4-9219a29a5165|Task_2
34e3e49c-b758-593b-bef9-8c7f04d29d10|Task_17
a931de24-62fc-5145-8a0f-8e6354e0a3b9|Task_1
b00ce766-2716-5cc2-98ed-13375257a479|Task_2
c145a936-3487-53f4-8e79-74ef84df25ba|Task_1
d8bbaaf0-1e77-5a1f-8c64-e1f242d8ec51|Task_17
7b2311ce-ec54-5cf8-9d90-665d54bb83bf|Task_2
604f5a15-d233-59cf-8477-bb36074f40a1|Task_14
e5d11fce-292a-56e7-a7ed-9f238b68332f|Task_28
d2a50756-adbd-543f-9c40-7cdd0227a046|Task_0
c9a7fb50-d222-5593-8bab-94d873dcec2e|Task_21
e1aecd81-90fa-525e-8fc5-49d9cdf2103e|Task_21
c0f44530-9ce9-5c90-8d10-4dec8fd277aa|Task_1
d0eb8d85-1b55-5d81-a6ac-f3088597e843|Task_21
fc35de3c-e353-5c3a-b35a-708a759e9f62|Task_0
cc205cef-b43e-5b2d-b8fc-9ab61b4d7461|Task_5
d6890cf5-a10a-5373-a4fb-f1cc2c1f6188|Task_12
01f3b7a4-6716-5d11-b1ae-62005abf187f|Task_0
7b1809e1-1c7f-537d-875c-3f12d76ea349|Task_16
52fb65a3-7784-5619-a706-d81a22fde108|Task_0
3efa43c4-8ca4-5525-b845-da9800c7752a|Task_9
0d2ef30d-d503-5d79-9e34-b7d00e03e5e3|Task_16
16b3a910-0eb4-5df9-9a8e-f8248552848d|Task_2
12300048-e5cb-5322-af6d-034ad0d186fa|Task_0
c5c9deef-abd6-5de0-a219-7411629f4101|Task_17
c638efb6-1911-500b-893b-d2fa4e7cd816|Task_7
a65cf2a3-5a71-510b-b2ce-1340d07b333b|Task_11
b741a5ea-a8a2-5cfa-8bd0-def8538b7fcc|Task_17
839b9eb1-0318-5868-8454-b6d4860fa4c5|Task_28
13d8f711-860f-5a3b-856f-ddf4b38cede7|Task_7
47865235-f272-5186-b89b-e08721ce2c3f|Task_4
19aa7194-2413-59f6-b5a9-539316786f6f|Task_0
1fa7c5d3-113e-5195-aa84-38a5aed75444|Task_0
0b9ff581-bcdb-5d1d-8454-7d1c07a771a9|Task_3
c6e79c8f-5af5-5485-9f3e-c70403b38716|Task_21
9450bf6c-14cd-5d6c-ab91-bc335d5632d3|Task_0
e9a7161d-1181-5d18-ac60-7c6474b08b8c|Task_10
f4e88ee7-4961-5dad-ae32-6f5976edfc5e|Task_0
e6914436-38aa-58ff-8928-28c94b011892|Task_0
85503c78-2638-5081-9e38-b3d6bf9793dc|Task_5
daf8a07d-3782-5aa0-b334-ca239d276bed|Task_0
538b8b34-d925-588b-bafd-53546b72f8e1|Task_12
3208fad9-9041-5db1-a4ec-132b6d5f1f77|Task_14
e5c627c1-d755-53bb-9272-54a0a2e294be|Task_5
267b5ba5-8e30-57ad-84e9-df09338dc6a0|Task_21
761ab75b-0aeb-560d-92f4-d46ecaba0412|Task_21
8dbac85a-c395-5587-b150-42a42ff11c34|Task_18
dd0f3ec0-b60a-58d2-af8f-52de51e6ec3f|Task_12
9f3cf554-3c41-5bf7-95bb-8c4bc4a4ea83|Task_2
9d0c0739-6c12-5284-bf33-bba8163430c6|Task_0
72dbbf74-2166-5c55-8c62-37886b14605c|Task_0
7679c89c-8853-5cd5-86eb-0a7b04ce080d|Task_5
4dacaca9-df5b-5e12-88a6-ce3bc7a6e814|Task_18
228fc41d-0106-5ad9-a006-84c15d23f9a9|Task_11
fa394308-e7f7-5d9f-96e7-27cd8828a8c2|Task_0
24829cd1-53eb-5acb-9945-2df76e90574c|Task_9
e2048e62-c1d0-5e15-84ce-3a0a10a4af28|Task_4
2d2976fd-fcd8-5c87-aaff-f7e45bb2259c|Task_0
d99c679c-0bdc-5cd0-a780-b6a2387144eb|Task_2
a5459a01-0253-5d32-8025-5a6a5b08aedc|Task_4
d0bc6ccd-619e-5e9c-9c64-0152b5e4a4d6|Task_5
fde5343b-4323-5a25-9876-0da8bc5b3cde|Task_9
437b471d-c084-56e5-9409-5a6d5f3afeba|Task_4
c76abc26-664d-57ba-8506-f9e244909f3c|Task_17
18311aa5-d82d-54f4-a0a7-2bfea6753af5|Task_21
0c167b95-0992-59a6-86e6-bdf1935768e7|Task_9
c66cb2fe-7102-5fac-af1f-56e6c79c3857|Task_1
89076307-1a7d-5a89-806d-b8e4f0992933|Task_3
e9910f58-6438-556a-ba86-818ea31fb2a9|Task_0
3ae1dae8-54fe-5160-8d98-8fc70518ce5b|Task_11
329bab3a-4867-5e0f-b9a6-8fdc0972e095|Task_17
43bd599f-23e1-5403-b81f-de7b292dcea9|Task_3
debd9eec-503a-523a-80e4-15410a2d6edb|Task_16
5acd9cab-7ca9-5a9a-bac1-6193de6bd1de|Task_2
87676004-b8a5-5fc8-bcff-1b6ae8646b10|Task_0
1527aba5-af6c-5d70-aff2-cafd5e0d9ffb|Task_0
77828914-c87e-59a9-b6cd-849b128ec7ca|Task_11
ec118c62-15bd-5fa5-a1ba-5df9463936e0|Task_2
45818540-6674-51ce-bc2f-8adaf6f0630f|Task_17
a257e631-8655-5cb4-9a54-d897e9c2dc1d|Task_4
4380ff2f-67d6-5496-8247-a245230181f1|Task_1
4dfc4653-ea25-5a02-a503-ccffbd41b74b|Task_11
c288fae3-38f7-50b4-8a9b-ecb63bf78abe|Task_20
3b1def04-b03c-5f59-9658-434d92da9265|Task_6
77c7c8c9-e27d-586a-946d-ecbddd29a3a8|Task_28
c022ab5b-d5c7-5ff5-b911-d5fff72f5868|Task_20
84cf2b27-3459-5a7b-9984-0dfd6b2c1bdf|Task_5
c6d4a008-94b6-5a27-b3ac-cda7bf7456ca|Task_2
fefdbdbf-f313-57da-bde8-657ae7d821d1|Task_0
8ea96f7e-8462-53ad-b153-1a93f4f4cd71|Task_17
b6fd1cf3-f5aa-5a2a-81b5-7363ea2c44aa|Task_16
71940a3f-1244-598d-95f9-0838896fa0c8|Task_4
702d43dd-9884-54f3-9d6d-396b7e7daa11|Task_5
6672f549-c916-5632-bcf1-7945725dbfe9|Task_7
2f1de64d-7a0b-52d2-a71b-b2ed36334e65|Task_17
7deed2f4-ab43-58ce-a26e-70266636f14b|Task_7
e7e98e43-7120-532e-8a59-82d95efba671|Task_6
bd1a2704-938f-5414-8674-1aab139f7478|Task_8
421c598a-3238-5ffa-b0c1-aefbd0ecd126|Task_7
a08ae348-5898-5ec6-8042-3eeee4b67e03|Task_4
a12cb4ac-0dfb-5f9b-9f11-9a0e881949ae|Task_2
fa209d88-34eb-52a0-8f51-61bf8ed2b2e6|Task_0
a2a1cf48-c344-58fc-af09-764cfb771429|Task_13
4a974772-4ef2-5213-abe8-1e33b27db5bc|Task_0
7f212a83-25e9-534d-a751-23baedb19492|Task_0
0430c77a-d35d-51e4-883f-521e01317313|Task_17
f2ddd3cd-0f78-5562-b3bb-577f20a3322d|Task_0
910f76e7-a566-5a06-a82b-223ea6f474c2|Task_1
f7fdccef-9e9c-58ac-9ee1-e0204907cefd|Task_17
a5fc3e5b-c50b-558f-a371-4e7ab480df84|Task_8
a1f142ee-7da6-5885-be97-f48d84bd42a4|Task_5
1deea2e1-8503-561c-b7c3-b63d420f4b0b|Task_7
55d3bb51-1482-5075-b68e-1da9bf1fbda5|Task_13
e6a1a527-43ad-5341-b79e-08aa83cf99a6|Task_16
2bcb7b9a-c93b-55f4-ba89-edbd20ba3608|Task_0
c229bdbd-e157-581b-a314-c77bc8d50f49|Task_13
7d813974-b532-5e8e-9958-f16d014b7394|Task_2
38edc217-c7df-544c-ac80-f467e0b77ea7|Task_17
38fe640a-109b-5a6b-86d4-d7a399e3f44e|Task_1
38182372-23ae-576e-ad5c-27f1471c1906|Task_4
c56515e5-d741-50d1-8e98-0247488ea450|Task_5
323f7f75-f334-5804-b031-bb8b1f6d563d|Task_17
faf44597-a5fd-5c6d-82be-f7c2bae1b2a8|Task_21
b47576a5-a3fa-5f9c-8ece-1953a9f6653c|Task_20
a18624ce-3d32-507f-8a96-4cd35c6cdc94|Task_3
9decf71d-ff1f-5bc4-b7af-b68a66db7f30|Task_4
25a5dfef-2a70-5629-b1fb-1bc3ae26c09f|Task_2
93779d64-bb41-5658-8d87-84be439b76fe|Task_11
7d5b2c6b-f4a1-5d43-8c0b-d27a110664b7|Task_13
9aa4635f-0dc5-52fc-b96d-4f38d9da04d2|Task_8
ac59b0f4-2fbe-5c56-962c-6d55550fed84|Task_0
5b0a1f3f-ce53-5e4d-ab8f-d7c189068882|Task_4
62d01184-34eb-5026-91df-23ad60610137|Task_3
4303d0b6-a27d-50d0-8328-73ff56e3e689|Task_0
3903e312-7d07-539a-b005-7ec5cecb18f7|Task_17
f03adb9b-7af2-562f-9039-a002a5636462|Task_9
dcce33ff-a6a5-5563-85f3-4efa2a4863c6|Task_4
e3d3010c-d623-5d7a-9a6f-35323ab904c9|Task_1
4d4eb858-d2a9-530f-91f6-14e546a96e54|Task_7
6cae13c9-9af6-5461-8749-57dbe935f3a8|Task_5
5bf73003-ef64-5a6a-860d-4614fe34dab8|Task_2
044fa5a2-05cb-5d7c-be00-5f020191bdd4|Task_16
cec09e6a-a58c-5bd8-a95d-6de7fc18b91e|Task_10
8ee4127e-01b6-56f5-a020-eb6deeeb15b9|Task_0
ce8c354d-031c-545d-8dd1-2b452a725b0a|Task_1
05e7c88e-975a-5001-96b6-d91c44554aa7|Task_12
6fce2b81-dcb8-5122-b567-783bf0c72d4f|Task_5
834a75e5-2f5f-5561-abb1-b417634df752|Task_16
d6a6df8f-2109-5198-b361-c9436583f457|Task_16
4ebd0208-8328-5d69-8c44-ec50939c0967|Task_1
827b1116-dc30-593b-a55c-16956c39c829|Task_0
115eb991-36d6-52ae-aa0a-58952787ed43|Task_20
b5df9f40-dcf3-565e-ba7b-7128203ad3e2|Task_2
bd0f9f9d-79e7-58b0-8684-272ced9d62ae|Task_0
36f81dac-f33e-5ad7-9b21-f831176db6dc|Task_13
6b801da8-897e-5b38-b3c0-62b4ab6077e1|Task_5
3354de83-a569-5532-ac1a-daf72cc258ae|Task_5
93750600-2f58-57b2-ae36-21f15c3c543b|Task_20
94c4754c-9b1f-5b1b-81d2-b6d4e0ab30a0|Task_16
257e68db-3eca-5c2b-a8dd-0670daf02e12|Task_6
cec41564-ffd6-5f13-918c-81b05b071186|Task_2
3d44812e-0506-5b82-b79f-32194c72258b|Task_17
408cc305-b8f9-51be-ab5f-1fd082a8a99a|Task_16
36b4a881-40c8-5fc3-a04c-4345d6db9b33|Task_17
96ef8575-3987-555a-bfea-36c5b330135f|Task_21
fcc42a33-2b7a-5ecb-aab0-535b45851f29|Task_5
0bc5abde-656d-5874-87bc-7abb8f83cff4|Task_4
a02ffda1-3532-551a-ba06-81e64f58420e|Task_6
ff5d78fa-d9bb-5e05-a6cf-066fb76976eb|Task_10
a952998a-f358-5070-a0fd-118112b60df3|Task_7
d33778dd-6b6a-5e6f-ac6a-c86f52877538|Task_12
09d1720a-ea43-5e86-b562-6eabaaa9fdef|Task_13
51bc8f25-d3e9-5c99-95ef-2703bb14aa5a|Task_6
ea65c626-5b30-5d54-a43a-0cdc383396c1|Task_2
be8bf615-6f44-563f-b05a-764179768494|Task_10
6bd07b97-425d-5f09-9faf-fe16f372b0d9|Task_11
0371c4b7-c22e-5ee1-8a84-8ad51283e21b|Task_1
295af3dc-f033-58b7-9e75-c67e2d2803ec|Task_18
521b04ce-540c-556b-8564-6f0fb84829f0|Task_4
cd0a9de0-6cf7-5c38-a884-1cbcd64ae751|Task_13
e1c4d452-15ee-5baf-9057-47d7ad0c4ac6|Task_0
7667990f-872f-5b6e-b30d-1ad43785d7dc|Task_0
32675cd7-fd88-56fe-af99-df6ccc2419cf|Task_1
ce983682-f937-5583-9005-500bab52879c|Task_3
07169962-b926-5ec0-9d24-77804ce438be|Task_6
91b5a4b1-5f95-5e8e-adf2-fb776491eef9|Task_1
3306aca4-d957-5366-9e95-0ef3effb3e83|Task_2
c084ee8a-70e9-55e6-8575-70787ed41d77|Task_20
f048a647-c4d7-585b-a735-753dce7531df|Task_7
6cadb5ff-4c2d-52eb-8d8e-94fdad69ec13|Task_0
66e0cb02-3b00-5cbc-b41f-6c5212805ea9|Task_4
f756e97c-7e25-595a-bb8b-d84d607f0355|Task_3
2d60f894-2aa3-5060-950d-4e1f46cb5c4c|Task_28
27366fad-9d47-5b1a-bfa9-1b80ec201b04|Task_11
d5617d85-7698-5a36-a302-4a6864c67aae|Task_9
08d59296-3c55-5705-ac55-06c20ee54089|Task_0
b5ad8214-7885-571f-bb8e-d6e57eb8e8ab|Task_3
87bf8b8d-0a1c-535c-b8f5-1ba45c4f3a95|Task_16
9726b841-c12d-5529-9825-62dfb85e0ad6|Task_0
2a561905-dfd7-5366-80f8-702fad75e107|Task_0
2e4c12ab-5f42-5f82-a72e-f53a0e7db647|Task_16
2767e0ca-e154-5653-947b-32f9874740ba|Task_10
733cbb7b-b4e0-5ab1-bcc3-7e0a9fc03e2d|Task_0
fafc10f1-74df-5627-a721-89fdf52b9bee|Task_12
ebb21d36-ade1-557f-b334-5ecefe57e4c0|Task_11
36cfc05b-506b-5b5d-9097-b89fecf163d6|Task_11
cfaa7b1b-4126-524a-95f4-3c2822c16cee|Task_6
409bb358-2494-58a7-b6e6-45e05a007239|Task_0
82b616b6-0733-5aea-85e1-5dd4e1f4db7d|Task_2
ed8055e1-e343-54e5-b6a9-56d058dad194|Task_5
8f8af34d-8dae-54e0-be9b-5baef36fcf89|Task_0
27f67358-83be-5303-b8bb-d1061e1c8d7a|Task_4
e48c6462-8b4a-55b3-88d9-5d12792ee968|Task_15
591c1fa4-6885-574f-9ec4-4f7533346e25|Task_11
6658781b-834e-5897-89b2-6ac85a16ed96|Task_20
d93a0ac2-d363-55cb-a9a7-5d3a09592d9a|Task_2
3d8063b5-69f4-5979-b144-e954152d8d9b|Task_0
67cb5a7a-360c-521a-ace8-eefe0f4b9b0e|Task_8
3aee1322-a73c-5c4f-bc31-188b3056113f|Task_17
145d47e0-ea89-541d-83bc-7bda4657cd55|Task_15
1b09fe6d-87f2-56b5-8e62-592071956b7e|Task_0
3dcb232d-933c-5252-95f0-db2371644e9c|Task_17
570fb8ea-0f41-5981-9d50-255e07dad8a6|Task_2
df996b89-bf39-5f62-948e-e0a99977ecfd|Task_3
541de6a8-49ac-5c26-bee3-86a84fab04c6|Task_28
8b5ce57c-b966-5025-98aa-d95ecaf77bc9|Task_0
8edbdcdf-4274-5d2e-b32b-d8c2b7f8522d|Task_11
ba8d8dd3-0bb6-5de0-ae3d-33e89bf9d067|Task_9
a024cf91-6b24-5f4d-bb8b-8345cbaa4726|Task_0
fcdac258-b8af-5136-802c-97711256a474|Task_3
71823dc4-d6a9-5723-b43b-e8a5339e7bb1|Task_1
b82117d0-cb52-5f21-8e34-ef6b858f6616|Task_17
9220e9fa-aff9-5f02-b27c-bac459f345d6|Task_1
9f32d05f-dbaf-5ea5-a93e-1b436088c93b|Task_11
5281aa7b-edb2-5d13-8753-ad91c3a408ef|Task_6
7929d6b4-bd91-5a5c-bced-2e98515fa2ed|Task_16
7dd1957b-503b-5fa8-80f4-1e1b6d4c6e47|Task_0
70cb230d-59c6-5808-9723-ed3f3ca61ecf|Task_0
566ec10f-f322-589e-83a4-a6330c17df51|Task_17
f7761cb4-452e-545f-aeaf-237ee2fdc318|Task_13
72c152f4-e15c-5ac2-a216-0329667d218c|Task_21
c2e8e422-7461-5a74-ae7b-744662c058b2|Task_18
b96f45f9-f570-5137-a6e8-87f09274ebb3|Task_16
d2774905-d542-5d0e-bdf5-141b9a9b133e|Task_0
7e54bbdf-88ce-53c0-8367-06094a5634fe|Task_17
56079ea5-c4ec-5140-a97f-9f1c7cfee321|Task_18
b5e2f9cd-9696-51b1-8b91-f6760b863ece|Task_3
ff894488-f94f-5bbd-9e4d-00e23974ccf1|Task_0
149f1916-5e75-548b-8e23-fcaab82ef748|Task_17
c44a19b4-dbdd-5a1f-acd9-435418bf611c|Task_9
27b3cf95-fda1-5b13-b95c-0e2d9fb42f31|Task_9
8ce87105-8fd2-5e0d-977e-35f3d9a65cbb|Task_0
4b9633fd-1a45-5ef2-b79a-a6d8f04585ea|Task_21
9515ca63-19f2-55bf-b45c-ba1eda31ccb8|Task_8
479cec88-0c7e-5ce0-b0ce-bc3da9388715|Task_17
3cbb9abc-d3d9-56d2-8a99-faa095db0b6c|Task_15
b02f8814-ee06-5c98-b083-0f6dbda3f020|Task_3
acb19fca-17bf-5d50-8ef3-be102b4be556|Task_0
02441855-c966-55b1-81ec-90304764011b|Task_17
c299088d-2e9a-50ca-925b-e300ec8b6137|Task_0
3921d623-5f68-5009-a302-e091d6672ebc|Task_3
be358770-c0be-534c-aced-17cf753d2396|Task_6
5829b432-9662-5411-a837-e336427be89f|Task_6
ce718e2b-ebfe-5cc9-8fca-fb62157ca238|Task_1
884b861d-4bc6-5967-8284-5cee8dc2ef80|Task_11
beb6ee34-bc87-587f-bb50-af13808badb0|Task_14
7336d57f-43a5-5f6b-a5bc-57b290145cda|Task_2
7334f68d-fe0e-5a8f-ad8a-26476a8a3cb7|Task_21
d8d0fe23-0893-5a08-a133-40f719006478|Task_0
f4925e79-b3c1-5f3a-8bf8-15dd56fd7b0a|Task_2
4e2705f2-6f63-5264-9aa0-78defe46b86a|Task_11
a7ce7cbd-1a1d-57a5-97a0-4f1504eb533f|Task_17
08f7fd69-4f54-57b2-a5b9-f84c056ab92f|Task_1
1e26986c-136c-577e-89f4-948133f5e822|Task_0
18f2a30c-56a4-5709-83d6-8d0ec7c20686|Task_3
564e118b-f337-59ff-8713-5ddeb749c1c6|Task_0
a8405192-4506-513b-a7de-67892f45d872|Task_28
172ace0f-6fd5-5170-9977-3ad8b604a923|Task_11
6f31ca78-b485-52ba-ba3b-e750f8a19fc6|Task_17
47a7893c-e967-5a6d-839f-a1f1db35a2ca|Task_21
c5ab0417-7445-501a-8756-efac81019599|Task_6
2d82f26e-2273-5778-bdce-8dc66e0c359c|Task_5
c0f3ea48-395b-577b-a1e3-2e846ec2f6fa|Task_0
434e498d-4d3a-52cb-b3a7-f49d963d97ea|Task_0
11c51c5a-3ab4-506d-963c-480e81199b0d|Task_1
fb8a90e9-616f-5e53-9202-c7c91232940b|Task_16
8ad7a29b-5e8d-553b-859d-1fd43ecb70a0|Task_10
8f6b5d57-8fbb-51d0-bfee-803b7255ac3f|Task_21
5af0c511-cc44-57ef-aaa4-89f255fd3f59|Task_5
d1768946-ce98-5523-95b4-e3796a85ba96|Task_3
76e7ed9d-2494-5e0a-850c-24332e5ee091|Task_0
3687d00c-234f-5bae-be60-066f6d5402e2|Task_0
113009e1-9d97-550e-920f-1ff8b1d675f4|Task_2
79866fc5-3bca-55ff-bd95-90a9c8e678b2|Task_11
373cbd66-b962-5387-aa60-bb6ecce6c96a|Task_0
d436e361-c342-5385-89ca-26ec4f7b2df3|Task_15
257c00c0-89de-5268-8b90-131dd79205d6|Task_0
33f1ba5a-3fa1-527c-b159-1a9085b81cb7|Task_18
8cee156f-b943-5c40-a323-0e9378d6bb6b|Task_6
19e3d7ed-ff13-578f-9c1d-63898c64be65|Task_12
d7af3f82-0e66-5783-a356-cdf34c445377|Task_6
2791ce86-3c33-5b5f-8618-5a466a5a6ad0|Task_0
852cfead-950f-5ce7-8e9f-7b6b53f1b596|Task_17
1ffa5786-41c7-5035-84be-cfe1e6817ac0|Task_0
